set schema decoder;
INSERT INTO ROSTER (ID, ENTERED, FULLPATH, DATEUPDATED, SYSTEMNAME) VALUES (1, '2025-01-27 12:13:12', 'C:\Users\jsw.SPW\Dropbox\Apps\JMRIfolder\Pennsy_West\roster.xml', '2025-01-27 12:13:12', 'ALPHA');
INSERT INTO ROSTER (ID, ENTERED, FULLPATH, DATEUPDATED, SYSTEMNAME) VALUES (2, '2025-01-27 12:13:49', 'C:\Users\jsw.SPW\Dropbox\Apps\Standalone\roster.xml', '2025-01-27 12:13:49', 'ALPHA');

INSERT INTO DECODERTYPE (ID, DECODERFAMILY, DECODERMODEL, DATEUPDATED) VALUES (1, 'Paragon 3', 'Diesel', '2025-01-27 12:13:12');
INSERT INTO DECODERTYPE (ID, DECODERFAMILY, DECODERMODEL, DATEUPDATED) VALUES (2, 'Paragon 3', 'Rolling Thunder', '2025-01-27 12:13:12');
INSERT INTO DECODERTYPE (ID, DECODERFAMILY, DECODERMODEL, DATEUPDATED) VALUES (3, 'ESU LokSound 5', 'LokSound 5', '2025-01-27 12:13:12');
INSERT INTO DECODERTYPE (ID, DECODERFAMILY, DECODERMODEL, DATEUPDATED) VALUES (4, 'Paragon 4', 'Steam', '2025-01-27 12:13:12');
INSERT INTO DECODERTYPE (ID, DECODERFAMILY, DECODERMODEL, DATEUPDATED) VALUES (5, 'Paragon 2', 'Steam', '2025-01-27 12:13:12');
INSERT INTO DECODERTYPE (ID, DECODERFAMILY, DECODERMODEL, DATEUPDATED) VALUES (6, 'Paragon 3', 'Steam', '2025-01-27 12:13:12');
INSERT INTO DECODERTYPE (ID, DECODERFAMILY, DECODERMODEL, DATEUPDATED) VALUES (7, 'ESU LokSound 5', 'LokSound 5 DCC', '2025-01-27 12:13:12');
INSERT INTO DECODERTYPE (ID, DECODERFAMILY, DECODERMODEL, DATEUPDATED) VALUES (8, 'Econami Diesel OEM Athearn', 'ECO-RTR SD40-2 w/DB', '2025-01-27 12:13:12');
INSERT INTO DECODERTYPE (ID, DECODERFAMILY, DECODERMODEL, DATEUPDATED) VALUES (9, 'Paragon 2', 'Diesel', '2025-01-27 12:13:12');
INSERT INTO DECODERTYPE (ID, DECODERFAMILY, DECODERMODEL, DATEUPDATED) VALUES (10, 'ESU LokSound 5', 'LokSound 5 micro DCC', '2025-01-27 12:13:12');
INSERT INTO DECODERTYPE (ID, DECODERFAMILY, DECODERMODEL, DATEUPDATED) VALUES (11, 'Tsunami Diesel Genesis OEM', 'GP15T', '2025-01-27 12:13:12');
INSERT INTO DECODERTYPE (ID, DECODERFAMILY, DECODERMODEL, DATEUPDATED) VALUES (12, 'Function Only, with transponding', 'TL1', '2025-01-27 12:13:12');
INSERT INTO DECODERTYPE (ID, DECODERFAMILY, DECODERMODEL, DATEUPDATED) VALUES (13, 'ESU LokSound Select', 'LokSound Select', '2025-01-27 12:13:12');
INSERT INTO DECODERTYPE (ID, DECODERFAMILY, DECODERMODEL, DATEUPDATED) VALUES (14, 'E-Z Command decoders', '2 function decoder (36-552)', '2025-01-27 12:13:12');
INSERT INTO DECODERTYPE (ID, DECODERFAMILY, DECODERMODEL, DATEUPDATED) VALUES (15, 'Economy Series 3 with FX3, silent', 'DH123', '2025-01-27 12:13:12');
INSERT INTO DECODERTYPE (ID, DECODERFAMILY, DECODERMODEL, DATEUPDATED) VALUES (16, 'QSI Diesel Ver. 7', 'P2k H10-44', '2025-01-27 12:13:12');
INSERT INTO DECODERTYPE (ID, DECODERFAMILY, DECODERMODEL, DATEUPDATED) VALUES (17, 'QSI Steam', 'BLI PRR M1a/b 4-8-2', '2025-01-27 12:13:12');
INSERT INTO DECODERTYPE (ID, DECODERFAMILY, DECODERMODEL, DATEUPDATED) VALUES (18, 'QSI Steam Ver. 6', 'BLI PRR K4 4-6-2', '2025-01-27 12:13:12');
INSERT INTO DECODERTYPE (ID, DECODERFAMILY, DECODERMODEL, DATEUPDATED) VALUES (19, 'Sound Decoders', 'Sound Decoders', '2025-01-27 12:13:12');
INSERT INTO DECODERTYPE (ID, DECODERFAMILY, DECODERMODEL, DATEUPDATED) VALUES (20, 'QSI Articulated Steam', 'BLI Pensy Duplex T1 4-4-4-4', '2025-01-27 12:13:12');
INSERT INTO DECODERTYPE (ID, DECODERFAMILY, DECODERMODEL, DATEUPDATED) VALUES (21, 'QSI Diesel Ver. 7', 'P2k SW9/1200', '2025-01-27 12:13:12');
INSERT INTO DECODERTYPE (ID, DECODERFAMILY, DECODERMODEL, DATEUPDATED) VALUES (22, 'LC steam decoders', '100LC Steam', '2025-01-27 12:13:12');
INSERT INTO DECODERTYPE (ID, DECODERFAMILY, DECODERMODEL, DATEUPDATED) VALUES (23, 'Tsunami Diesel Genesis OEM', 'FP7', '2025-01-27 12:13:12');
INSERT INTO DECODERTYPE (ID, DECODERFAMILY, DECODERMODEL, DATEUPDATED) VALUES (24, 'QSI Steam Ver. 7', 'PCM PRR I1sa 2-10-0', '2025-01-27 12:13:12');
INSERT INTO DECODERTYPE (ID, DECODERFAMILY, DECODERMODEL, DATEUPDATED) VALUES (25, 'QSI Steam', 'BLI PRR J1 2-10-4', '2025-01-27 12:13:12');
INSERT INTO DECODERTYPE (ID, DECODERFAMILY, DECODERMODEL, DATEUPDATED) VALUES (26, 'Decoders', 'SignalMan', '2025-01-27 12:13:12');
INSERT INTO DECODERTYPE (ID, DECODERFAMILY, DECODERMODEL, DATEUPDATED) VALUES (27, 'Series 3 with FX3, silent, readback', 'DZ143', '2025-01-27 12:13:12');
INSERT INTO DECODERTYPE (ID, DECODERFAMILY, DECODERMODEL, DATEUPDATED) VALUES (28, 'Tower Controller', 'TC-64', '2025-01-27 12:13:12');
INSERT INTO DECODERTYPE (ID, DECODERFAMILY, DECODERMODEL, DATEUPDATED) VALUES (29, 'Silent Running w/ Torque Compensation', 'D13SRJ', '2025-01-27 12:13:12');
INSERT INTO DECODERTYPE (ID, DECODERFAMILY, DECODERMODEL, DATEUPDATED) VALUES (30, 'Decoders', 'WatchMan', '2025-01-27 12:13:12');
INSERT INTO DECODERTYPE (ID, DECODERFAMILY, DECODERMODEL, DATEUPDATED) VALUES (31, 'Decoders', 'MotorMan', '2025-01-27 12:13:49');
INSERT INTO DECODERTYPE (ID, DECODERFAMILY, DECODERMODEL, DATEUPDATED) VALUES (32, 'Decoders', 'MotorMan-II', '2025-01-27 12:13:49');
INSERT INTO DECODERTYPE (ID, DECODERFAMILY, DECODERMODEL, DATEUPDATED) VALUES (33, 'Decoders', 'MotorMan-III', '2025-01-27 12:13:49');
INSERT INTO DECODERTYPE (ID, DECODERFAMILY, DECODERMODEL, DATEUPDATED) VALUES (34, 'Tower Controller', 'Mark-II', '2025-01-27 12:13:49');
INSERT INTO DECODERTYPE (ID, DECODERFAMILY, DECODERMODEL, DATEUPDATED) VALUES (35, 'Decoders', 'TowerMan', '2025-01-27 12:13:49');

INSERT INTO DECODER (ID, DECODERID, FILENAME, ROADNUMBER, ROADNAME, MANUFACTURER, OWNER, MODEL, DCCADDRESS, MANUFACTURERID, PRODUCTID, DATEUPDATED, DETAILTIME, DECODERTYPEID, ROSTERID) VALUES (7, '4390', '4390.xml', '4390', 'PRR', 'Broadway Limited', 'jsw', null, '4390', null, '', '2025-01-27 12:13:13', '2025-01-27 12:15:46', 5, 1);
INSERT INTO DECODER (ID, DECODERID, FILENAME, ROADNUMBER, ROADNAME, MANUFACTURER, OWNER, MODEL, DCCADDRESS, MANUFACTURERID, PRODUCTID, DATEUPDATED, DETAILTIME, DECODERTYPEID, ROSTERID) VALUES (8, '5432 K$s', '5432_K_s.xml', '5432', 'PRR', 'Broadway Limited', 'jsw', null, '5432', null, '', '2025-01-27 12:13:13', '2025-01-27 12:15:47', 6, 1);
INSERT INTO DECODER (ID, DECODERID, FILENAME, ROADNUMBER, ROADNAME, MANUFACTURER, OWNER, MODEL, DCCADDRESS, MANUFACTURERID, PRODUCTID, DATEUPDATED, DETAILTIME, DECODERTYPEID, ROSTERID) VALUES (9, '5754', '5754.xml', '5754', 'Pennsylvania', 'Rapido', 'jsw', null, '5754', null, '', '2025-01-27 12:13:13', '2025-01-27 12:16:14', 7, 1);
INSERT INTO DECODER (ID, DECODERID, FILENAME, ROADNUMBER, ROADNAME, MANUFACTURER, OWNER, MODEL, DCCADDRESS, MANUFACTURERID, PRODUCTID, DATEUPDATED, DETAILTIME, DECODERTYPEID, ROSTERID) VALUES (10, '5754B', '5754B.xml', '5755', 'PRR', 'Rapido', 'jsw', null, '5755', null, '', '2025-01-27 12:13:13', '2025-01-27 12:16:42', 7, 1);
INSERT INTO DECODER (ID, DECODERID, FILENAME, ROADNUMBER, ROADNAME, MANUFACTURER, OWNER, MODEL, DCCADDRESS, MANUFACTURERID, PRODUCTID, DATEUPDATED, DETAILTIME, DECODERTYPEID, ROSTERID) VALUES (11, '6091', '6091.xml', '6091', 'PRR', 'Athearn', 'jsw', null, '6091', null, '', '2025-01-27 12:13:13', '2025-01-27 12:16:43', 8, 1);
INSERT INTO DECODER (ID, DECODERID, FILENAME, ROADNUMBER, ROADNAME, MANUFACTURER, OWNER, MODEL, DCCADDRESS, MANUFACTURERID, PRODUCTID, DATEUPDATED, DETAILTIME, DECODERTYPEID, ROSTERID) VALUES (12, '6148', '6148.xml', '6148', 'Pennsylvania', 'Scaletrains', 'jsw', null, '6148', null, '', '2025-01-27 12:13:13', '2025-01-27 12:17:11', 7, 1);

INSERT INTO DECODERDEF (ID, DECODERID, VARVALUE, ITEM) VALUES (30315, 7, '1', 'F0 Output Function');
INSERT INTO DECODERDEF (ID, DECODERID, VARVALUE, ITEM) VALUES (30316, 7, '2', 'F1 Output Function');
INSERT INTO DECODERDEF (ID, DECODERID, VARVALUE, ITEM) VALUES (30317, 7, '3', 'F2 Output Function');
INSERT INTO DECODERDEF (ID, DECODERID, VARVALUE, ITEM) VALUES (30318, 7, '17', 'F3 Output Function');
INSERT INTO DECODERDEF (ID, DECODERID, VARVALUE, ITEM) VALUES (30319, 7, '5', 'F4 Output Function');
INSERT INTO DECODERDEF (ID, DECODERID, VARVALUE, ITEM) VALUES (30320, 7, '6', 'F5 Output Function');
INSERT INTO DECODERDEF (ID, DECODERID, VARVALUE, ITEM) VALUES (30321, 7, '7', 'F6 Output Function');
INSERT INTO DECODERDEF (ID, DECODERID, VARVALUE, ITEM) VALUES (30322, 7, '21', 'F7 Output Function');
INSERT INTO DECODERDEF (ID, DECODERID, VARVALUE, ITEM) VALUES (30323, 7, '9', 'F8 Output Function');

INSERT INTO DECODERDEF (ID, DECODERID, VARVALUE, ITEM) VALUES (30530, 8, '1', 'F0 Output Function');
INSERT INTO DECODERDEF (ID, DECODERID, VARVALUE, ITEM) VALUES (30531, 8, '2', 'F1 Output Function');
INSERT INTO DECODERDEF (ID, DECODERID, VARVALUE, ITEM) VALUES (30532, 8, '3', 'F2 Output Function');
INSERT INTO DECODERDEF (ID, DECODERID, VARVALUE, ITEM) VALUES (30533, 8, '17', 'F3 Output Function');
INSERT INTO DECODERDEF (ID, DECODERID, VARVALUE, ITEM) VALUES (30534, 8, '5', 'F4 Output Function');
INSERT INTO DECODERDEF (ID, DECODERID, VARVALUE, ITEM) VALUES (30535, 8, '6', 'F5 Output Function');
INSERT INTO DECODERDEF (ID, DECODERID, VARVALUE, ITEM) VALUES (30536, 8, '7', 'F6 Output Function');
INSERT INTO DECODERDEF (ID, DECODERID, VARVALUE, ITEM) VALUES (30537, 8, '21', 'F7 Output Function');
INSERT INTO DECODERDEF (ID, DECODERID, VARVALUE, ITEM) VALUES (30538, 8, '9', 'F8 Output Function');
INSERT INTO DECODERDEF (ID, DECODERID, VARVALUE, ITEM) VALUES (30539, 8, '10', 'F9 Output Function');
INSERT INTO DECODERDEF (ID, DECODERID, VARVALUE, ITEM) VALUES (30540, 8, '11', 'F10 Output Function');
INSERT INTO DECODERDEF (ID, DECODERID, VARVALUE, ITEM) VALUES (30541, 8, '12', 'F11 Output Function');
INSERT INTO DECODERDEF (ID, DECODERID, VARVALUE, ITEM) VALUES (30542, 8, '13', 'F12 Output Function');
INSERT INTO DECODERDEF (ID, DECODERID, VARVALUE, ITEM) VALUES (30543, 8, '30', 'F13 Output Function');
INSERT INTO DECODERDEF (ID, DECODERID, VARVALUE, ITEM) VALUES (30544, 8, '50', 'F14 Output Function');
INSERT INTO DECODERDEF (ID, DECODERID, VARVALUE, ITEM) VALUES (30545, 8, '51', 'F15 Output Function');
INSERT INTO DECODERDEF (ID, DECODERID, VARVALUE, ITEM) VALUES (30546, 8, '52', 'F16 Output Function');
INSERT INTO DECODERDEF (ID, DECODERID, VARVALUE, ITEM) VALUES (30547, 8, '53', 'F17 Output Function');
INSERT INTO DECODERDEF (ID, DECODERID, VARVALUE, ITEM) VALUES (30548, 8, '54', 'F18 Output Function');
INSERT INTO DECODERDEF (ID, DECODERID, VARVALUE, ITEM) VALUES (30549, 8, '55', 'F19 Output Function');
INSERT INTO DECODERDEF (ID, DECODERID, VARVALUE, ITEM) VALUES (30550, 8, '56', 'F20 Output Function');
INSERT INTO DECODERDEF (ID, DECODERID, VARVALUE, ITEM) VALUES (30551, 8, '57', 'F21 Output Function');

INSERT INTO DECODERDEF (ID, DECODERID, VARVALUE, ITEM) VALUES (30768, 9, '2', 'Vstart');
INSERT INTO DECODERDEF (ID, DECODERID, VARVALUE, ITEM) VALUES (30769, 9, '255', 'Vhigh');
INSERT INTO DECODERDEF (ID, DECODERID, VARVALUE, ITEM) VALUES (30770, 9, '0', 'ESU V4 ABC Brake Right Rail Higher');
INSERT INTO DECODERDEF (ID, DECODERID, VARVALUE, ITEM) VALUES (30771, 9, '0', 'ESU V4 ABC Brake Left Rail Higher');
INSERT INTO DECODERDEF (ID, DECODERID, VARVALUE, ITEM) VALUES (30772, 9, '0', 'ESU V4 HLU');
INSERT INTO DECODERDEF (ID, DECODERID, VARVALUE, ITEM) VALUES (30773, 9, '1', 'ESU V4 DC Brake Reverse');
INSERT INTO DECODERDEF (ID, DECODERID, VARVALUE, ITEM) VALUES (30774, 9, '1', 'ESU V4 DC Brake Forward');
INSERT INTO DECODERDEF (ID, DECODERID, VARVALUE, ITEM) VALUES (30775, 9, '0', 'ESU V4 Constant Brake');
INSERT INTO DECODERDEF (ID, DECODERID, VARVALUE, ITEM) VALUES (30776, 9, '128', 'Forward Trim');
INSERT INTO DECODERDEF (ID, DECODERID, VARVALUE, ITEM) VALUES (30777, 9, '1,2,4,7,10,14,18,23,28,34,40,47,54,62,70,79,88,98,108,120,133,147,162,178,195,213,233,255', 'Speed Table');
INSERT INTO DECODERDEF (ID, DECODERID, VARVALUE, ITEM) VALUES (30778, 9, '128', 'Reverse Trim');
INSERT INTO DECODERDEF (ID, DECODERID, VARVALUE, ITEM) VALUES (30779, 9, '0', 'ESU V5 Brake Mode Exit Delay');
INSERT INTO DECODERDEF (ID, DECODERID, VARVALUE, ITEM) VALUES (30780, 9, '0', 'Motor Option 1');
INSERT INTO DECODERDEF (ID, DECODERID, VARVALUE, ITEM) VALUES (30781, 9, '100', 'ESU V4 ABC Reduced Speed');
INSERT INTO DECODERDEF (ID, DECODERID, VARVALUE, ITEM) VALUES (30782, 9, '10', 'ESU V4 ABC Detection Threshold');
INSERT INTO DECODERDEF (ID, DECODERID, VARVALUE, ITEM) VALUES (30783, 9, '20', 'Accel');
INSERT INTO DECODERDEF (ID, DECODERID, VARVALUE, ITEM) VALUES (30784, 9, '20', 'Decel');
INSERT INTO DECODERDEF (ID, DECODERID, VARVALUE, ITEM) VALUES (30785, 9, '255', 'Decoder Version');
INSERT INTO DECODERDEF (ID, DECODERID, VARVALUE, ITEM) VALUES (30786, 9, '151', 'Manufacturer');
INSERT INTO DECODERDEF (ID, DECODERID, VARVALUE, ITEM) VALUES (30787, 9, '0', 'Analog Mode Function Status - F1');
INSERT INTO DECODERDEF (ID, DECODERID, VARVALUE, ITEM) VALUES (30788, 9, '0', 'Analog Mode Function Status - F2');
INSERT INTO DECODERDEF (ID, DECODERID, VARVALUE, ITEM) VALUES (30789, 9, '0', 'Analog Mode Function Status - F3');
INSERT INTO DECODERDEF (ID, DECODERID, VARVALUE, ITEM) VALUES (30790, 9, '0', 'Analog Mode Function Status - F4');
INSERT INTO DECODERDEF (ID, DECODERID, VARVALUE, ITEM) VALUES (30791, 9, '0', 'Analog Mode Function Status - F5');
INSERT INTO DECODERDEF (ID, DECODERID, VARVALUE, ITEM) VALUES (30792, 9, '0', 'Analog Mode Function Status - F6');
INSERT INTO DECODERDEF (ID, DECODERID, VARVALUE, ITEM) VALUES (30793, 9, '0', 'Analog Mode Function Status - F7');
INSERT INTO DECODERDEF (ID, DECODERID, VARVALUE, ITEM) VALUES (30794, 9, '1', 'Analog Mode Function Status - F8');
INSERT INTO DECODERDEF (ID, DECODERID, VARVALUE, ITEM) VALUES (30795, 9, '1', 'Analog Mode Function Status - FL');
INSERT INTO DECODERDEF (ID, DECODERID, VARVALUE, ITEM) VALUES (30796, 9, '0', 'Analog Mode Function Status - F9');
INSERT INTO DECODERDEF (ID, DECODERID, VARVALUE, ITEM) VALUES (30797, 9, '0', 'Analog Mode Function Status - F10');
INSERT INTO DECODERDEF (ID, DECODERID, VARVALUE, ITEM) VALUES (30798, 9, '1', 'Analog Mode Function Status - F11');
INSERT INTO DECODERDEF (ID, DECODERID, VARVALUE, ITEM) VALUES (30799, 9, '0', 'Analog Mode Function Status - F12');
INSERT INTO DECODERDEF (ID, DECODERID, VARVALUE, ITEM) VALUES (30800, 9, '0', 'Analog Mode Function Status - F13');
INSERT INTO DECODERDEF (ID, DECODERID, VARVALUE, ITEM) VALUES (30801, 9, '0', 'Analog Mode Function Status - F14');
INSERT INTO DECODERDEF (ID, DECODERID, VARVALUE, ITEM) VALUES (30802, 9, '0', 'Analog Mode Function Status - F15');
INSERT INTO DECODERDEF (ID, DECODERID, VARVALUE, ITEM) VALUES (30803, 9, '0', 'ESU V4 Decoder Lock CV15');
INSERT INTO DECODERDEF (ID, DECODERID, VARVALUE, ITEM) VALUES (30804, 9, '0', 'ESU V4 Decoder Lock CV16');
INSERT INTO DECODERDEF (ID, DECODERID, VARVALUE, ITEM) VALUES (30805, 9, '1', 'ESU V4 RailCom Channel 1');

INSERT INTO DECODERDEF (ID, DECODERID, VARVALUE, ITEM) VALUES (40562, 10, '2', 'Vstart');
INSERT INTO DECODERDEF (ID, DECODERID, VARVALUE, ITEM) VALUES (40563, 10, '255', 'Vhigh');
INSERT INTO DECODERDEF (ID, DECODERID, VARVALUE, ITEM) VALUES (40564, 10, '0', 'ESU V4 ABC Brake Right Rail Higher');
INSERT INTO DECODERDEF (ID, DECODERID, VARVALUE, ITEM) VALUES (40565, 10, '0', 'ESU V4 ABC Brake Left Rail Higher');
INSERT INTO DECODERDEF (ID, DECODERID, VARVALUE, ITEM) VALUES (40566, 10, '0', 'ESU V4 HLU');
INSERT INTO DECODERDEF (ID, DECODERID, VARVALUE, ITEM) VALUES (40567, 10, '1', 'ESU V4 DC Brake Reverse');
INSERT INTO DECODERDEF (ID, DECODERID, VARVALUE, ITEM) VALUES (40568, 10, '1', 'ESU V4 DC Brake Forward');
INSERT INTO DECODERDEF (ID, DECODERID, VARVALUE, ITEM) VALUES (40569, 10, '0', 'ESU V4 Constant Brake');
INSERT INTO DECODERDEF (ID, DECODERID, VARVALUE, ITEM) VALUES (40570, 10, '128', 'Forward Trim');

INSERT INTO DECODERDEF (ID, DECODERID, VARVALUE, ITEM) VALUES (50356, 11, '0', 'Locomotive Direction');
INSERT INTO DECODERDEF (ID, DECODERID, VARVALUE, ITEM) VALUES (50357, 11, '1', 'Headlight F0(f) Light Type');
INSERT INTO DECODERDEF (ID, DECODERID, VARVALUE, ITEM) VALUES (50358, 11, '1', 'Backup Light F0(r) Light Type');
INSERT INTO DECODERDEF (ID, DECODERID, VARVALUE, ITEM) VALUES (50359, 11, '0', 'FX5 Effect Selection');
INSERT INTO DECODERDEF (ID, DECODERID, VARVALUE, ITEM) VALUES (50360, 11, '0', 'FX5 Grade Crossing Logic');
INSERT INTO DECODERDEF (ID, DECODERID, VARVALUE, ITEM) VALUES (50361, 11, '1', 'FX5 Light Type');
INSERT INTO DECODERDEF (ID, DECODERID, VARVALUE, ITEM) VALUES (50362, 11, '0', 'FX6 Effect Selection');
INSERT INTO DECODERDEF (ID, DECODERID, VARVALUE, ITEM) VALUES (50363, 11, '0', 'FX6 Phase Selection');
INSERT INTO DECODERDEF (ID, DECODERID, VARVALUE, ITEM) VALUES (50364, 11, '0', 'FX6 Grade Crossing Logic');

INSERT INTO DECODERDEF (ID, DECODERID, VARVALUE, ITEM) VALUES (50769, 12, '1', 'Vstart');
INSERT INTO DECODERDEF (ID, DECODERID, VARVALUE, ITEM) VALUES (50770, 12, '255', 'Vhigh');
INSERT INTO DECODERDEF (ID, DECODERID, VARVALUE, ITEM) VALUES (50771, 12, '0', 'ESU V4 ABC Brake Right Rail Higher');
INSERT INTO DECODERDEF (ID, DECODERID, VARVALUE, ITEM) VALUES (50772, 12, '0', 'ESU V4 ABC Brake Left Rail Higher');
INSERT INTO DECODERDEF (ID, DECODERID, VARVALUE, ITEM) VALUES (50773, 12, '0', 'ESU V4 HLU');
INSERT INTO DECODERDEF (ID, DECODERID, VARVALUE, ITEM) VALUES (50774, 12, '1', 'ESU V4 DC Brake Reverse');
INSERT INTO DECODERDEF (ID, DECODERID, VARVALUE, ITEM) VALUES (50775, 12, '1', 'ESU V4 DC Brake Forward');
INSERT INTO DECODERDEF (ID, DECODERID, VARVALUE, ITEM) VALUES (50776, 12, '0', 'ESU V4 Constant Brake');
INSERT INTO DECODERDEF (ID, DECODERID, VARVALUE, ITEM) VALUES (50777, 12, '128', 'Forward Trim');

INSERT INTO FUNCTIONLABELS (ID, DECODERID, FUNCTIONNUMBER, FUNCTIONLABEL) VALUES (68, 7, '0', 'Headlight');
INSERT INTO FUNCTIONLABELS (ID, DECODERID, FUNCTIONNUMBER, FUNCTIONLABEL) VALUES (69, 7, '1', 'Bell');
INSERT INTO FUNCTIONLABELS (ID, DECODERID, FUNCTIONNUMBER, FUNCTIONLABEL) VALUES (70, 7, '2', 'Whistle');
INSERT INTO FUNCTIONLABELS (ID, DECODERID, FUNCTIONNUMBER, FUNCTIONLABEL) VALUES (71, 7, '3', 'Coupler');
INSERT INTO FUNCTIONLABELS (ID, DECODERID, FUNCTIONNUMBER, FUNCTIONLABEL) VALUES (72, 7, '4', 'Air Pump');
INSERT INTO FUNCTIONLABELS (ID, DECODERID, FUNCTIONNUMBER, FUNCTIONLABEL) VALUES (73, 7, '5', 'Blow Down/Chuff Up');
INSERT INTO FUNCTIONLABELS (ID, DECODERID, FUNCTIONNUMBER, FUNCTIONLABEL) VALUES (74, 7, '6', 'Water Fill/Chuff Dn');
INSERT INTO FUNCTIONLABELS (ID, DECODERID, FUNCTIONNUMBER, FUNCTIONLABEL) VALUES (75, 7, '7', 'Smoke Control');
INSERT INTO FUNCTIONLABELS (ID, DECODERID, FUNCTIONNUMBER, FUNCTIONLABEL) VALUES (76, 7, '8', 'Mute/Master Volume');

INSERT INTO FUNCTIONLABELS (ID, DECODERID, FUNCTIONNUMBER, FUNCTIONLABEL) VALUES (94, 8, '0', 'Headlight');
INSERT INTO FUNCTIONLABELS (ID, DECODERID, FUNCTIONNUMBER, FUNCTIONLABEL) VALUES (95, 8, '1', 'Bell');
INSERT INTO FUNCTIONLABELS (ID, DECODERID, FUNCTIONNUMBER, FUNCTIONLABEL) VALUES (96, 8, '2', 'Whistle');
INSERT INTO FUNCTIONLABELS (ID, DECODERID, FUNCTIONNUMBER, FUNCTIONLABEL) VALUES (97, 8, '3', 'Coupler');
INSERT INTO FUNCTIONLABELS (ID, DECODERID, FUNCTIONNUMBER, FUNCTIONLABEL) VALUES (98, 8, '4', 'Air Pump');
INSERT INTO FUNCTIONLABELS (ID, DECODERID, FUNCTIONNUMBER, FUNCTIONLABEL) VALUES (99, 8, '5', 'Blow Down/Chuff Up');
INSERT INTO FUNCTIONLABELS (ID, DECODERID, FUNCTIONNUMBER, FUNCTIONLABEL) VALUES (100, 8, '6', 'Water Fill/Chuff Dn');
INSERT INTO FUNCTIONLABELS (ID, DECODERID, FUNCTIONNUMBER, FUNCTIONLABEL) VALUES (101, 8, '7', 'Smoke Control');
INSERT INTO FUNCTIONLABELS (ID, DECODERID, FUNCTIONNUMBER, FUNCTIONLABEL) VALUES (102, 8, '8', 'Mute/Master Volume');

INSERT INTO FUNCTIONLABELS (ID, DECODERID, FUNCTIONNUMBER, FUNCTIONLABEL) VALUES (123, 9, '0', 'Light');
INSERT INTO FUNCTIONLABELS (ID, DECODERID, FUNCTIONNUMBER, FUNCTIONLABEL) VALUES (124, 9, '1', 'Bell');
INSERT INTO FUNCTIONLABELS (ID, DECODERID, FUNCTIONNUMBER, FUNCTIONLABEL) VALUES (125, 9, '2', 'Horn');
INSERT INTO FUNCTIONLABELS (ID, DECODERID, FUNCTIONNUMBER, FUNCTIONLABEL) VALUES (126, 10, '0', 'Light');
INSERT INTO FUNCTIONLABELS (ID, DECODERID, FUNCTIONNUMBER, FUNCTIONLABEL) VALUES (127, 10, '1', 'Bell');
INSERT INTO FUNCTIONLABELS (ID, DECODERID, FUNCTIONNUMBER, FUNCTIONLABEL) VALUES (128, 10, '2', 'Horn');
INSERT INTO FUNCTIONLABELS (ID, DECODERID, FUNCTIONNUMBER, FUNCTIONLABEL) VALUES (129, 11, '0', 'Headlight');
INSERT INTO FUNCTIONLABELS (ID, DECODERID, FUNCTIONNUMBER, FUNCTIONLABEL) VALUES (130, 11, '1', 'Bell');
INSERT INTO FUNCTIONLABELS (ID, DECODERID, FUNCTIONNUMBER, FUNCTIONLABEL) VALUES (131, 11, '2', 'Horn');
INSERT INTO FUNCTIONLABELS (ID, DECODERID, FUNCTIONNUMBER, FUNCTIONLABEL) VALUES (132, 11, '3', 'Short Horn');
INSERT INTO FUNCTIONLABELS (ID, DECODERID, FUNCTIONNUMBER, FUNCTIONLABEL) VALUES (133, 11, '4', 'Dynamic Brake');
INSERT INTO FUNCTIONLABELS (ID, DECODERID, FUNCTIONNUMBER, FUNCTIONLABEL) VALUES (134, 11, '5', 'FX3 Output');
INSERT INTO FUNCTIONLABELS (ID, DECODERID, FUNCTIONNUMBER, FUNCTIONLABEL) VALUES (135, 11, '6', 'FX4 Output');
INSERT INTO FUNCTIONLABELS (ID, DECODERID, FUNCTIONNUMBER, FUNCTIONLABEL) VALUES (136, 11, '7', 'Dimmer');
INSERT INTO FUNCTIONLABELS (ID, DECODERID, FUNCTIONNUMBER, FUNCTIONLABEL) VALUES (137, 11, '8', 'Mute');

INSERT INTO FUNCTIONLABELS (ID, DECODERID, FUNCTIONNUMBER, FUNCTIONLABEL) VALUES (143, 12, '0', 'Light');
INSERT INTO FUNCTIONLABELS (ID, DECODERID, FUNCTIONNUMBER, FUNCTIONLABEL) VALUES (144, 12, '1', 'Bell');
INSERT INTO FUNCTIONLABELS (ID, DECODERID, FUNCTIONNUMBER, FUNCTIONLABEL) VALUES (145, 12, '2', 'Horn');

INSERT INTO KEYVALUES (ID, DECODERID, PAIR_KEY, PAIR_VALUE) VALUES (7, 11, 'DispatcherTrainType', 'LOCAL_FREIGHT');
INSERT INTO KEYVALUES (ID, DECODERID, PAIR_KEY, PAIR_VALUE) VALUES (8, 11, 'LastOperated', '2021-12-19T20:41:08.205+0000');
INSERT INTO KEYVALUES (ID, DECODERID, PAIR_KEY, PAIR_VALUE) VALUES (9, 11, 'OperatingDuration', '19490');
INSERT INTO KEYVALUES (ID, DECODERID, PAIR_KEY, PAIR_VALUE) VALUES (10, 12, 'DispatcherTrainType', 'LOCAL_PASSENGER');
INSERT INTO KEYVALUES (ID, DECODERID, PAIR_KEY, PAIR_VALUE) VALUES (11, 12, 'LastOperated', '2024-04-03T19:52:26.634+00:00');
INSERT INTO KEYVALUES (ID, DECODERID, PAIR_KEY, PAIR_VALUE) VALUES (12, 12, 'OperatingDuration', '366');

INSERT INTO SPEEDPROFILE (ID, DECODERID, STEP, FORWARD, REVERSE) VALUES (19, 11, 8, 6.299844, 3.0490372);
INSERT INTO SPEEDPROFILE (ID, DECODERID, STEP, FORWARD, REVERSE) VALUES (20, 11, 16, 11.986287, 12.03445);
INSERT INTO SPEEDPROFILE (ID, DECODERID, STEP, FORWARD, REVERSE) VALUES (21, 11, 24, 23.278437, 23.134817);
INSERT INTO SPEEDPROFILE (ID, DECODERID, STEP, FORWARD, REVERSE) VALUES (22, 11, 32, 23.2486, 23.124159);
INSERT INTO SPEEDPROFILE (ID, DECODERID, STEP, FORWARD, REVERSE) VALUES (23, 11, 40, 28.48891, 28.748531);

INSERT INTO CVVALUES (DECODERID, CVVALUE, CVNUMBER) VALUES (7, '0', '1');
INSERT INTO CVVALUES (DECODERID, CVVALUE, CVNUMBER) VALUES (7, '2', '2');
INSERT INTO CVVALUES (DECODERID, CVVALUE, CVNUMBER) VALUES (7, '5', '3');
INSERT INTO CVVALUES (DECODERID, CVVALUE, CVNUMBER) VALUES (7, '10', '4');
INSERT INTO CVVALUES (DECODERID, CVVALUE, CVNUMBER) VALUES (7, '230', '5');
INSERT INTO CVVALUES (DECODERID, CVVALUE, CVNUMBER) VALUES (7, '50', '6');
INSERT INTO CVVALUES (DECODERID, CVVALUE, CVNUMBER) VALUES (8, '151', '1');
INSERT INTO CVVALUES (DECODERID, CVVALUE, CVNUMBER) VALUES (8, '2', '2');
INSERT INTO CVVALUES (DECODERID, CVVALUE, CVNUMBER) VALUES (8, '5', '3');
INSERT INTO CVVALUES (DECODERID, CVVALUE, CVNUMBER) VALUES (8, '10', '4');
INSERT INTO CVVALUES (DECODERID, CVVALUE, CVNUMBER) VALUES (8, '230', '5');
INSERT INTO CVVALUES (DECODERID, CVVALUE, CVNUMBER) VALUES (8, '50', '6');
INSERT INTO CVVALUES (DECODERID, CVVALUE, CVNUMBER) VALUES (9, '3', '1');
INSERT INTO CVVALUES (DECODERID, CVVALUE, CVNUMBER) VALUES (9, '2', '2');
INSERT INTO CVVALUES (DECODERID, CVVALUE, CVNUMBER) VALUES (9, '20', '3');
INSERT INTO CVVALUES (DECODERID, CVVALUE, CVNUMBER) VALUES (9, '20', '4');
INSERT INTO CVVALUES (DECODERID, CVVALUE, CVNUMBER) VALUES (9, '255', '5');
INSERT INTO CVVALUES (DECODERID, CVVALUE, CVNUMBER) VALUES (9, '88', '6');
INSERT INTO CVVALUES (DECODERID, CVVALUE, CVNUMBER) VALUES (10, '3', '1');
INSERT INTO CVVALUES (DECODERID, CVVALUE, CVNUMBER) VALUES (10, '2', '2');
INSERT INTO CVVALUES (DECODERID, CVVALUE, CVNUMBER) VALUES (10, '20', '3');
INSERT INTO CVVALUES (DECODERID, CVVALUE, CVNUMBER) VALUES (10, '20', '4');
INSERT INTO CVVALUES (DECODERID, CVVALUE, CVNUMBER) VALUES (10, '255', '5');
INSERT INTO CVVALUES (DECODERID, CVVALUE, CVNUMBER) VALUES (10, '88', '6');
INSERT INTO CVVALUES (DECODERID, CVVALUE, CVNUMBER) VALUES (11, '3', '1');
INSERT INTO CVVALUES (DECODERID, CVVALUE, CVNUMBER) VALUES (11, '0', '2');
INSERT INTO CVVALUES (DECODERID, CVVALUE, CVNUMBER) VALUES (11, '25', '3');
INSERT INTO CVVALUES (DECODERID, CVVALUE, CVNUMBER) VALUES (11, '128', '4');
INSERT INTO CVVALUES (DECODERID, CVVALUE, CVNUMBER) VALUES (11, '0', '5');
INSERT INTO CVVALUES (DECODERID, CVVALUE, CVNUMBER) VALUES (11, '0', '6');
INSERT INTO CVVALUES (DECODERID, CVVALUE, CVNUMBER) VALUES (12, '3', '1');
INSERT INTO CVVALUES (DECODERID, CVVALUE, CVNUMBER) VALUES (12, '1', '2');
INSERT INTO CVVALUES (DECODERID, CVVALUE, CVNUMBER) VALUES (12, '255', '3');
INSERT INTO CVVALUES (DECODERID, CVVALUE, CVNUMBER) VALUES (12, '200', '4');
INSERT INTO CVVALUES (DECODERID, CVVALUE, CVNUMBER) VALUES (12, '255', '5');
INSERT INTO CVVALUES (DECODERID, CVVALUE, CVNUMBER) VALUES (12, '88', '6');
